Let's get together|OneLove|public|1|01:04:43pm|2018-01-30
Why?|TwoPee|public|2|01:04:55pm|2018-01-30
Hehehe|ThreeSum|public|3|01:05:16pm|2018-01-30
Weirdo|TwoPee|OneLove|4|01:05:26pm|2018-01-30
Hello|Phil|public|5|01:20:32pm|2018-01-30
Hey I am Ryan|Ryan|public|6|01:20:42pm|2018-01-30
Hola, todo el mundo!|FourEva|public|7|01:20:45pm|2018-01-30
Hey secret |Phil|Ryan|8|01:20:58pm|2018-01-30
Hey|Phil|public|9|01:31:56pm|2018-01-30
Sap|Phil|FourEva|10|01:32:08pm|2018-01-30
This is a message.|FourEva|public|11|01:33:11pm|2018-01-30
yo|Phil|public|12|01:34:51pm|2018-01-30
Does it wait for refresh?|FourEva|public|13|01:35:00pm|2018-01-30
Probably not.|FourEva|public|14|01:35:03pm|2018-01-30
Nope.|FourEva|public|15|01:35:06pm|2018-01-30
